url,title,source_page
https://tuyensinh.hus.vnu.edu.vn/DATA/TUYENSINH/IMAGES/2025/06/huong-dan-thi-sinh-dang-ky-xet-tuyen-2025-14.06.2025-final.pdf,huong-dan-thi-sinh-dang-ky-xet-tuyen-2025-14.06.2025-final.pdf,
https://tuyensinh.hus.vnu.edu.vn/DATA/TUYENSINH/IMAGES/2025/06/thong-bao-gia-han-dang-ky-xet-tuyen-truc-tuyen-vao-dhcq-nam-2025.pdf,thong-bao-gia-han-dang-ky-xet-tuyen-truc-tuyen-vao-dhcq-nam-2025.pdf,
https://hus.vnu.edu.vn/DATA/IMAGES/2024/06/223.-ts-vo-tuyen-va-dien-tu-qd-4945.pdf,📄 Xem nội dung PDF,https://hus.vnu.edu.vn/dao-tao/sau-dai-hoc/vat-ly-va-cong-nghe
https://hus.vnu.edu.vn/DATA/IMAGES/2020/06/17.ptn-bm-vat-ly-vo-tuyen-va-dien-tu.pdf,PTN BM Vật lý Vô tuyến và Điện tử,https://hus.vnu.edu.vn/khoa-hoc-cong-nghe/phong-thi-nghiem
https://hus.vnu.edu.vn/DATA/IMAGES/2024/06/813.-ths-mtptbv-nc-qd-3579.pdf,📄 Xem nội dung PDF,https://hus.vnu.edu.vn/dao-tao/sau-dai-hoc/khoa-hoc-trai-dat-va-tai-nguyen-moi-truong
https://hus.vnu.edu.vn/DATA/IMAGES/2024/06/814.-ths-mtptbv-ud-qd-3580.pdf,📄 Xem nội dung PDF,https://hus.vnu.edu.vn/dao-tao/sau-dai-hoc/khoa-hoc-trai-dat-va-tai-nguyen-moi-truong
https://hus.vnu.edu.vn/DATA/IMAGES/2024/06/821.-ts-ky-thuat-moi-truong-qd-3583.pdf,📄 Xem nội dung PDF,https://hus.vnu.edu.vn/dao-tao/sau-dai-hoc/khoa-hoc-trai-dat-va-tai-nguyen-moi-truong
https://hus.vnu.edu.vn/DATA/IMAGES/2024/06/822.-ts-mtdn-qd-3582.pdf,📄 Xem nội dung PDF,https://hus.vnu.edu.vn/dao-tao/sau-dai-hoc/khoa-hoc-trai-dat-va-tai-nguyen-moi-truong
https://hus.vnu.edu.vn/DATA/IMAGES/2024/06/823.-ts-khoa-hoc-moi-truong-qd-3581.pdf,📄 Xem nội dung PDF,https://hus.vnu.edu.vn/dao-tao/sau-dai-hoc/khoa-hoc-trai-dat-va-tai-nguyen-moi-truong
https://tuyensinh.hus.vnu.edu.vn/DATA/TUYENSINH/IMAGES/2025/08/1.tb_xt-vao-ctdt-dac-biet_2025_len-website.pdf,1.tb_xt-vao-ctdt-dac-biet_2025_len-website.pdf,
https://tuyensinh.hus.vnu.edu.vn/DATA/TUYENSINH/IMAGES/2026/03/9.1.26-chi-tiet-du-thao_dang-cong-tuyen-sinh-1-edit.pdf,9.1.26-chi-tiet-du-thao_dang-cong-tuyen-sinh-1-edit.pdf,
https://hus.vnu.edu.vn/DATA/IMAGES/2024/06/112.-ths-phuong-phap-toan-so-cap-qd-4930.pdf,📄 Xem nội dung PDF,https://hus.vnu.edu.vn/dao-tao/bac-dai-hoc/toan-co-tin-hoc
https://hus.vnu.edu.vn/DATA/IMAGES/2024/06/113.-ths-toan-ung-dung-qd-4931.pdf,📄 Xem nội dung PDF,https://hus.vnu.edu.vn/dao-tao/bac-dai-hoc/toan-co-tin-hoc
https://hus.vnu.edu.vn/DATA/IMAGES/2024/06/114.-ths-khoa-hoc-du-lieu-qd-4932.pdf,114.-ths-khoa-hoc-du-lieu-qd-4932.pdf,
https://hus.vnu.edu.vn/DATA/IMAGES/2024/06/115.-ths-co-hoc-qd-4933.pdf,📄 Xem nội dung PDF,https://hus.vnu.edu.vn/dao-tao/bac-dai-hoc/toan-co-tin-hoc
https://hus.vnu.edu.vn/DATA/IMAGES/2024/06/116.-ths-co-so-toan-hoc-cho-tin-hoc-qd-4934.pdf,📄 Xem nội dung PDF,https://hus.vnu.edu.vn/dao-tao/bac-dai-hoc/toan-co-tin-hoc
https://hus.vnu.edu.vn/DATA/IMAGES/2024/06/121.-ts-toan-giai-tich-qd-4935.pdf,📄 Xem nội dung PDF,https://hus.vnu.edu.vn/dao-tao/bac-dai-hoc/toan-co-tin-hoc
https://hus.vnu.edu.vn/DATA/IMAGES/2024/06/122.-ts-phuong-trinh-vi-phan-va-tich-phan-qd-4936.pdf,📄 Xem nội dung PDF,https://hus.vnu.edu.vn/dao-tao/bac-dai-hoc/toan-co-tin-hoc
https://hus.vnu.edu.vn/DATA/IMAGES/2024/06/123.-ts-dai-so-va-ly-thuyet-so-qd-4937.pdf,📄 Xem nội dung PDF,https://hus.vnu.edu.vn/dao-tao/bac-dai-hoc/toan-co-tin-hoc
https://hus.vnu.edu.vn/DATA/IMAGES/2024/06/124.-ts-toan-ung-dung-qd-4938.pdf,📄 Xem nội dung PDF,https://hus.vnu.edu.vn/dao-tao/bac-dai-hoc/toan-co-tin-hoc
https://hus.vnu.edu.vn/DATA/IMAGES/2024/06/125.-ts-ly-thuyet-xac-suat-va-thong-ke-toan-hoc-qd-4939.pdf,📄 Xem nội dung PDF,https://hus.vnu.edu.vn/dao-tao/bac-dai-hoc/toan-co-tin-hoc
https://hus.vnu.edu.vn/DATA/IMAGES/2024/06/126.-ts-co-so-toan-hoc-cho-tin-hoc-qd-4940.pdf,📄 Xem nội dung PDF,https://hus.vnu.edu.vn/dao-tao/bac-dai-hoc/toan-co-tin-hoc
https://hus.vnu.edu.vn/DATA/IMAGES/2024/06/127.-ts-co-hoc-qd-4941.pdf,📄 Xem nội dung PDF,https://hus.vnu.edu.vn/dao-tao/bac-dai-hoc/toan-co-tin-hoc
https://hus.vnu.edu.vn/DATA/IMAGES/2024/06/311.-ths-hoa-hoc-qd-3570.pdf,📄 Xem nội dung PDF,https://hus.vnu.edu.vn/dao-tao/sau-dai-hoc/hoa-hoc-va-cong-nghe
https://hus.vnu.edu.vn/DATA/IMAGES/2024/06/312.-ths-ky-thuat-hoa-hoc-qd-3571.pdf,📄 Xem nội dung PDF,https://hus.vnu.edu.vn/dao-tao/sau-dai-hoc/hoa-hoc-va-cong-nghe
https://hus.vnu.edu.vn/DATA/IMAGES/2024/06/313.-ths-hoa-phan-tich-qd-3572.pdf,📄 Xem nội dung PDF,https://hus.vnu.edu.vn/dao-tao/sau-dai-hoc/hoa-hoc-va-cong-nghe
https://hus.vnu.edu.vn/DATA/IMAGES/2024/06/321.-ts-hoa-vo-co-qd-4914.pdf,📄 Xem nội dung PDF,https://hus.vnu.edu.vn/dao-tao/sau-dai-hoc/hoa-hoc-va-cong-nghe
https://hus.vnu.edu.vn/DATA/IMAGES/2024/06/322.-ts-hoa-huu-co-qd-4915.pdf,📄 Xem nội dung PDF,https://hus.vnu.edu.vn/dao-tao/sau-dai-hoc/hoa-hoc-va-cong-nghe
https://hus.vnu.edu.vn/DATA/IMAGES/2024/06/323.-ts-hoa-phan-tich-qd-4916.pdf,📄 Xem nội dung PDF,https://hus.vnu.edu.vn/dao-tao/sau-dai-hoc/hoa-hoc-va-cong-nghe
https://hus.vnu.edu.vn/DATA/IMAGES/2024/06/324.-ts-hoa-ly-thuyet-va-hoa-ly-qd-4917.pdf,📄 Xem nội dung PDF,https://hus.vnu.edu.vn/dao-tao/sau-dai-hoc/hoa-hoc-va-cong-nghe
https://hus.vnu.edu.vn/DATA/IMAGES/2024/06/325.-ts-hoa-moi-truong-qd-4918.pdf,325.-ts-hoa-moi-truong-qd-4918.pdf,
https://hus.vnu.edu.vn/DATA/IMAGES/2024/06/326.-ts-ky-thuat-hoa-dau-va-loc-dau-qd-4919.pdf,📄 Xem nội dung PDF,https://hus.vnu.edu.vn/dao-tao/sau-dai-hoc/hoa-hoc-va-cong-nghe
https://hus.vnu.edu.vn/DATA/IMAGES/2024/06/411.-ths-sinh-hoc-qd-4950.pdf,📄 Xem nội dung PDF,https://hus.vnu.edu.vn/dao-tao/sau-dai-hoc/sinh-hoc-va-cong-nghe
https://hus.vnu.edu.vn/DATA/IMAGES/2024/06/412.-ths-cong-nghe-sinh-hoc-qd-4951.pdf,📄 Xem nội dung PDF,https://hus.vnu.edu.vn/dao-tao/sau-dai-hoc/sinh-hoc-va-cong-nghe
https://hus.vnu.edu.vn/DATA/IMAGES/2024/06/413.-ths-sinh-hoc-thuc-nghiem-qd-4952.pdf,📄 Xem nội dung PDF,https://hus.vnu.edu.vn/dao-tao/sau-dai-hoc/sinh-hoc-va-cong-nghe
https://hus.vnu.edu.vn/DATA/IMAGES/2024/06/414.-ths-di-truyen-hoc-qd-4953.pdf,📄 Xem nội dung PDF,https://hus.vnu.edu.vn/dao-tao/sau-dai-hoc/sinh-hoc-va-cong-nghe
https://hus.vnu.edu.vn/DATA/IMAGES/2024/06/421.-ts-dong-vat-hoc-qd-4900.pdf,📄 Xem nội dung PDF,https://hus.vnu.edu.vn/dao-tao/sau-dai-hoc/sinh-hoc-va-cong-nghe
https://hus.vnu.edu.vn/DATA/IMAGES/2024/06/422.-ts-sinh-ly-hoc-nguoi-va-dong-vat-qd-4901.pdf,📄 Xem nội dung PDF,https://hus.vnu.edu.vn/dao-tao/sau-dai-hoc/sinh-hoc-va-cong-nghe
https://hus.vnu.edu.vn/DATA/IMAGES/2024/06/423.-ts-con-trung-hoc-qd-4902.pdf,📄 Xem nội dung PDF,https://hus.vnu.edu.vn/dao-tao/sau-dai-hoc/sinh-hoc-va-cong-nghe
https://hus.vnu.edu.vn/DATA/IMAGES/2024/06/424.-ts-sinh-ly-hoc-thuc-vat-qd-4903.pdf,📄 Xem nội dung PDF,https://hus.vnu.edu.vn/dao-tao/sau-dai-hoc/sinh-hoc-va-cong-nghe
https://hus.vnu.edu.vn/DATA/IMAGES/2024/06/425.-ts-vi-sinh-vat-hoc-qd-4904.pdf,📄 Xem nội dung PDF,https://hus.vnu.edu.vn/dao-tao/sau-dai-hoc/sinh-hoc-va-cong-nghe
https://hus.vnu.edu.vn/DATA/IMAGES/2024/06/426.-ts-thuc-vat-hoc-qd-4905.pdf,📄 Xem nội dung PDF,https://hus.vnu.edu.vn/dao-tao/sau-dai-hoc/sinh-hoc-va-cong-nghe
https://hus.vnu.edu.vn/DATA/IMAGES/2024/06/427.-ts-hoa-sinh-hoc-qd-4906.pdf,427.-ts-hoa-sinh-hoc-qd-4906.pdf,
https://hus.vnu.edu.vn/DATA/IMAGES/2024/06/428.-ts-di-truyen-hoc-qd-4907.pdf,📄 Xem nội dung PDF,https://hus.vnu.edu.vn/dao-tao/sau-dai-hoc/sinh-hoc-va-cong-nghe
https://hus.vnu.edu.vn/DATA/IMAGES/2024/06/811.-ths-khoa-hoc-moi-truong-qd-3577.pdf,811.-ths-khoa-hoc-moi-truong-qd-3577.pdf,
https://hus.vnu.edu.vn/DATA/IMAGES/2020/06/1.ptn-khoa-hoc-du-lieu.pdf,PTN Khoa học dữ liệu,https://hus.vnu.edu.vn/khoa-hoc-cong-nghe/phong-thi-nghiem
https://hus.vnu.edu.vn/DATA/IMAGES/2020/06/10.ptn-khoa-hoc-du-lieu-chuyen-de.pdf,PTN Khoa học dữ liệu,https://hus.vnu.edu.vn/khoa-hoc-cong-nghe/phong-thi-nghiem
https://hus.vnu.edu.vn/DATA/IMAGES/2020/06/20.ptn-tinh-toan-trong-khoa-hoc-vat-lieu.pdf,PTN Tính toán trong Khoa học Vật liệu,https://hus.vnu.edu.vn/khoa-hoc-cong-nghe/phong-thi-nghiem
https://hus.vnu.edu.vn/DATA/IMAGES/2020/06/25.ptn-hoa-moi-truong.pdf,PTN Hóa môi trường,https://hus.vnu.edu.vn/khoa-hoc-cong-nghe/phong-thi-nghiem
https://hus.vnu.edu.vn/DATA/IMAGES/2020/06/34.ptn-bm-hoa-sinh-va-sinh-hoc-phan-tu.pdf,PTN BM Hóa sinh và Sinh học phân tử,https://hus.vnu.edu.vn/khoa-hoc-cong-nghe/phong-thi-nghiem
https://hus.vnu.edu.vn/DATA/IMAGES/2020/06/35.ptn-bm-vi-sinh-vat-hoc.pdf,PTN BM Vi sinh vật học,https://hus.vnu.edu.vn/khoa-hoc-cong-nghe/phong-thi-nghiem
https://hus.vnu.edu.vn/DATA/IMAGES/2020/06/37.ptn-bm-sinh-hoc-te-bao.pdf,PTN BM Sinh học tế bào,https://hus.vnu.edu.vn/khoa-hoc-cong-nghe/phong-thi-nghiem
https://hus.vnu.edu.vn/DATA/IMAGES/2020/06/38.ptn-bm-sinh-ly-hoc-va-sinh-hoc-nguoi.pdf,PTN BM Sinh lý học và sinh học người,https://hus.vnu.edu.vn/khoa-hoc-cong-nghe/phong-thi-nghiem
https://hus.vnu.edu.vn/DATA/IMAGES/2020/06/42.ptn-bm-sinh-thai-hoc.pdf,PTN BM Sinh thái học,https://hus.vnu.edu.vn/khoa-hoc-cong-nghe/phong-thi-nghiem
https://hus.vnu.edu.vn/DATA/IMAGES/2020/06/46.ptn-bm-sinh-thai-canh-quan-va-moi-truong.pdf,46.ptn-bm-sinh-thai-canh-quan-va-moi-truong.pdf,
https://hus.vnu.edu.vn/DATA/IMAGES/2020/06/50.ptn-bm-dia-chat-moi-truong.pdf,PTN BM Địa chất môi trường,https://hus.vnu.edu.vn/khoa-hoc-cong-nghe/phong-thi-nghiem
https://hus.vnu.edu.vn/DATA/IMAGES/2020/06/58.ptn-bm-sinh-thai-moi-truong.pdf,58.ptn-bm-sinh-thai-moi-truong.pdf,
https://hus.vnu.edu.vn/DATA/IMAGES/2020/06/59.ptn-khoa-hoc-dat-va-moi-truong.pdf,PTN Khoa học Đất và Môi trường,https://hus.vnu.edu.vn/khoa-hoc-cong-nghe/phong-thi-nghiem
https://hus.vnu.edu.vn/DATA/IMAGES/2020/06/60.ptn-bm-cong-nghe-moi-truong.pdf,PTN BM Công nghệ môi trường,https://hus.vnu.edu.vn/khoa-hoc-cong-nghe/phong-thi-nghiem
https://hus.vnu.edu.vn/DATA/IMAGES/2025/08/02.hd-nop-hoc-phi-qua-ma-dinh-danh.pdf,02.hd-nop-hoc-phi-qua-ma-dinh-danh.pdf,
https://hus.vnu.edu.vn/DATA/IMAGES/2025/08/04.-huong-dan-sv-dang-ki-ktx.pdf,04.-huong-dan-sv-dang-ki-ktx.pdf,
https://hus.vnu.edu.vn/DATA/IMAGES/2025/09/danh-sach-trung-tuyen_ctdb_2025-final.pdf,danh-sach-trung-tuyen_ctdb_2025-final.pdf,
https://hus.vnu.edu.vn/DATA/IMAGES/2020/06/4.phong-thuc-hanh-hoa-sinh-va-sinh-hoc-phan-tu.pdf,Phòng thực hành Hóa sinh và Sinh học phân tử,https://hus.vnu.edu.vn/khoa-hoc-cong-nghe/phong-thi-nghiem
https://hus.vnu.edu.vn/DATA/IMAGES/2020/06/5.phong-thuc-hanh-sinh-hoc-te-bao.pdf,Phòng thực hành Sinh học Tế bào,https://hus.vnu.edu.vn/khoa-hoc-cong-nghe/phong-thi-nghiem
https://hus.vnu.edu.vn/DATA/IMAGES/2020/06/66.tt-cong-nghe-moi-truong-va-phat-trien-ben-vung.pdf,TT Công nghệ Môi trường và Phát triển bền vững,https://hus.vnu.edu.vn/khoa-hoc-cong-nghe/phong-thi-nghiem
https://hus.vnu.edu.vn/DATA/IMAGES/2020/06/7.phong-thuc-hanh-da-dang-sinh-hoc.pdf,Phòng thực hành Đa dạng sinh học,https://hus.vnu.edu.vn/khoa-hoc-cong-nghe/phong-thi-nghiem
https://hus.vnu.edu.vn/DATA/IMAGES/2020/06/8.bao-tang-sinh-hoc.pdf,Bảo tàng sinh học,https://hus.vnu.edu.vn/khoa-hoc-cong-nghe/phong-thi-nghiem
https://hus.vnu.edu.vn/DATA/IMAGES/2024/01/801.-qd-3529-cong-nghe-ki-thuat-moi-truong-final.pdf,📄 Xem nội dung PDF,https://hus.vnu.edu.vn/dao-tao/bac-dai-hoc/moi-truong
https://hus.vnu.edu.vn/DATA/IMAGES/2024/01/802.-khoa-hoc-moi-truong-final-qd-3530.pdf,802.-khoa-hoc-moi-truong-final-qd-3530.pdf,
https://hus.vnu.edu.vn/DATA/IMAGES/2024/01/803.-khoa-hoc-moi-truong-chat-luong-cao-final-qd-3531.pdf,803.-khoa-hoc-moi-truong-chat-luong-cao-final-qd-3531.pdf,
https://hus.vnu.edu.vn/DATA/IMAGES/2024/01/805.-moi-truong-suc-khoe-va-an-toan-final-qd-3533.pdf,805.-moi-truong-suc-khoe-va-an-toan-final-qd-3533.pdf,
https://hus.vnu.edu.vn/DATA/IMAGES/2024/06/211.-ths-vat-ly-qd-4942.pdf,📄 Xem nội dung PDF,https://hus.vnu.edu.vn/dao-tao/sau-dai-hoc/vat-ly-va-cong-nghe
https://hus.vnu.edu.vn/DATA/IMAGES/2024/06/221.-ts-vat-ly-ly-thuyet-va-vlt-qd-4943.pdf,📄 Xem nội dung PDF,https://hus.vnu.edu.vn/dao-tao/sau-dai-hoc/vat-ly-va-cong-nghe
https://hus.vnu.edu.vn/DATA/IMAGES/2024/06/222.-ts-vat-ly-chat-ran-qd-4944.pdf,📄 Xem nội dung PDF,https://hus.vnu.edu.vn/dao-tao/sau-dai-hoc/vat-ly-va-cong-nghe
https://hus.vnu.edu.vn/DATA/IMAGES/2024/06/224.-ts-vat-ly-nguyen-tu-va-hat-nhan-qd-4946.pdf,📄 Xem nội dung PDF,https://hus.vnu.edu.vn/dao-tao/sau-dai-hoc/vat-ly-va-cong-nghe
https://hus.vnu.edu.vn/DATA/IMAGES/2024/06/225.-ts-quang-hoc-qd-4947.pdf,📄 Xem nội dung PDF,https://hus.vnu.edu.vn/dao-tao/sau-dai-hoc/vat-ly-va-cong-nghe
https://hus.vnu.edu.vn/DATA/IMAGES/2024/06/226.-ts-vat-ly-dia-cau-qd-4948.pdf,📄 Xem nội dung PDF,https://hus.vnu.edu.vn/dao-tao/sau-dai-hoc/vat-ly-va-cong-nghe
https://hus.vnu.edu.vn/DATA/IMAGES/2024/06/227.-ts-vat-ly-nhiet-qd-4949.pdf,📄 Xem nội dung PDF,https://hus.vnu.edu.vn/dao-tao/sau-dai-hoc/vat-ly-va-cong-nghe
https://hus.vnu.edu.vn/DATA/IMAGES/2024/06/301-hoa-hoc---chuan-k67-qd-3534-scan.pdf,📄 Xem nội dung PDF,https://hus.vnu.edu.vn/dao-tao/bac-dai-hoc/hoa-hoc
https://hus.vnu.edu.vn/DATA/IMAGES/2024/06/301-hoa-hoc---chuan-k68-qd-3535-scan.pdf,📄 Xem nội dung PDF,https://hus.vnu.edu.vn/dao-tao/bac-dai-hoc/hoa-hoc
https://hus.vnu.edu.vn/DATA/IMAGES/2024/06/302-hoa-hoc-tien-tien-k67-qd3536-scan.pdf,📄 Xem nội dung PDF,https://hus.vnu.edu.vn/dao-tao/bac-dai-hoc/hoa-hoc
https://hus.vnu.edu.vn/DATA/IMAGES/2024/06/303-hoa-hoc---tai-nang-k67-68-qd3537-scan.pdf,📄 Xem nội dung PDF,https://hus.vnu.edu.vn/dao-tao/bac-dai-hoc/hoa-hoc
https://hus.vnu.edu.vn/DATA/IMAGES/2024/06/304-cong-nghe-ky-thuat-hoa-hoc-clc-k67-qd3538-scan.pdf,📄 Xem nội dung PDF,https://hus.vnu.edu.vn/dao-tao/bac-dai-hoc/hoa-hoc
https://hus.vnu.edu.vn/DATA/IMAGES/2024/06/304-cong-nghe-ky-thuat-hoa-hoc-k68-qd3539-scan.pdf,📄 Xem nội dung PDF,https://hus.vnu.edu.vn/dao-tao/bac-dai-hoc/hoa-hoc
https://hus.vnu.edu.vn/DATA/IMAGES/2024/06/305-hoa-duoc-chat-luong-cao-k67-qd-3540-scan.pdf,📄 Xem nội dung PDF,https://hus.vnu.edu.vn/dao-tao/bac-dai-hoc/hoa-hoc
https://hus.vnu.edu.vn/DATA/IMAGES/2024/06/305-hoa-duoc-chuan-k68-qd-3541-scan.pdf,📄 Xem nội dung PDF,https://hus.vnu.edu.vn/dao-tao/bac-dai-hoc/hoa-hoc
https://hus.vnu.edu.vn/DATA/IMAGES/2024/06/401-sinh-hoc-chuan-k67-final-qd-3547.pdf,📄 Xem nội dung PDF,https://hus.vnu.edu.vn/dao-tao/bac-dai-hoc/sinh-hoc
https://hus.vnu.edu.vn/DATA/IMAGES/2024/06/401-sinh-hoc-chuan-k68-final-qd-3548.pdf,📄 Xem nội dung PDF,https://hus.vnu.edu.vn/dao-tao/bac-dai-hoc/sinh-hoc
https://hus.vnu.edu.vn/DATA/IMAGES/2024/06/402-sinh-hoc-tai-nang-final-qd-3549.pdf,📄 Xem nội dung PDF,https://hus.vnu.edu.vn/dao-tao/bac-dai-hoc/sinh-hoc
https://hus.vnu.edu.vn/DATA/IMAGES/2024/06/403-cong-nghe-sinh-hoc-chat-luong-cao-k67-final-qd-3550.pdf,📄 Xem nội dung PDF,https://hus.vnu.edu.vn/dao-tao/bac-dai-hoc/sinh-hoc
https://hus.vnu.edu.vn/DATA/IMAGES/2024/06/403-cong-nghe-sinh-hoc-chuan-k68-final-qd-3551.pdf,📄 Xem nội dung PDF,https://hus.vnu.edu.vn/dao-tao/bac-dai-hoc/sinh-hoc
https://hus.vnu.edu.vn/DATA/IMAGES/2024/06/404-sinh-duoc-hoc-chuan-final-qd-3552.pdf,📄 Xem nội dung PDF,https://hus.vnu.edu.vn/dao-tao/bac-dai-hoc/sinh-hoc
https://hus.vnu.edu.vn/DATA/IMAGES/2024/06/503.-khoa-hoc-thong-tin-dia-khong-gian-final-qd-3544-scan.pdf,📄 Xem nội dung PDF,https://hus.vnu.edu.vn/dao-tao/bac-dai-hoc/dia-ly
https://hus.vnu.edu.vn/DATA/IMAGES/2024/06/513.-ths-quan-ly-tai-nguyen-va-moi-truong-qd-4922.pdf,513.-ths-quan-ly-tai-nguyen-va-moi-truong-qd-4922.pdf,
https://hus.vnu.edu.vn/DATA/IMAGES/2024/06/705-tai-nguyen-va-moi-truong-nuoc-chuan-final-qd-3557-scan-final.pdf,📄 Xem nội dung PDF,https://hus.vnu.edu.vn/dao-tao/bac-dai-hoc/khi-tuong-thuy-van-hai-duong-hoc
https://hus.vnu.edu.vn/DATA/IMAGES/2024/06/812.-ths-ky-thuat-moi-truong-qd-3578-1.pdf,812.-ths-ky-thuat-moi-truong-qd-3578-1.pdf,
https://hus.vnu.edu.vn/DATA/IMAGES/2020/06/11.ptn-bm-co-hoc.pdf,PTN BM Cơ học,https://hus.vnu.edu.vn/khoa-hoc-cong-nghe/phong-thi-nghiem
https://hus.vnu.edu.vn/DATA/IMAGES/2020/06/12.ptn-bm-vat-ly-ly-thuyet.pdf,PTN BM Vật lý lý thuyết,https://hus.vnu.edu.vn/khoa-hoc-cong-nghe/phong-thi-nghiem
https://hus.vnu.edu.vn/DATA/IMAGES/2020/06/13.ptn-bm-tin-vat-ly.pdf,PTN BM Tin Vật lý,https://hus.vnu.edu.vn/khoa-hoc-cong-nghe/phong-thi-nghiem
https://hus.vnu.edu.vn/DATA/IMAGES/2020/06/14.ptn-vat-ly-nang-luong-cao-va-vu-tru-hoc.pdf,PTN Vật lý Năng lượng cao và Vũ trụ học,https://hus.vnu.edu.vn/khoa-hoc-cong-nghe/phong-thi-nghiem
https://hus.vnu.edu.vn/DATA/IMAGES/2020/06/15.ptn-bo-monvat-ly-chat-ran.pdf,PTN BM Vật lý chất rắn,https://hus.vnu.edu.vn/khoa-hoc-cong-nghe/phong-thi-nghiem
https://hus.vnu.edu.vn/DATA/IMAGES/2020/06/16.ptn-bm-vat-ly-nhiet-do-thap.pdf,PTN BM Vật lý nhiệt độ thấp,https://hus.vnu.edu.vn/khoa-hoc-cong-nghe/phong-thi-nghiem
https://hus.vnu.edu.vn/DATA/IMAGES/2020/06/18.ptn-bm-quang-luong-tu.pdf,PTN BM Quang lượng tử,https://hus.vnu.edu.vn/khoa-hoc-cong-nghe/phong-thi-nghiem
https://hus.vnu.edu.vn/DATA/IMAGES/2020/06/19.ptn-bo-mon-vat-ly-dia-cau.pdf,PTN BM Vật lý địa cầu,https://hus.vnu.edu.vn/khoa-hoc-cong-nghe/phong-thi-nghiem
https://hus.vnu.edu.vn/DATA/IMAGES/2020/06/2.ptn-bm-vat-ly-dai-cuong.pdf,PTN BM Vật lý đại cương,https://hus.vnu.edu.vn/khoa-hoc-cong-nghe/phong-thi-nghiem
https://hus.vnu.edu.vn/DATA/IMAGES/2020/06/21.ptn-khoa-hoc-vat-lieu-dai-cuong.pdf,PTN Khoa học Vật liệu đại cương,https://hus.vnu.edu.vn/khoa-hoc-cong-nghe/phong-thi-nghiem
https://hus.vnu.edu.vn/DATA/IMAGES/2020/06/22.ptn-khoa-hoc-cong-nghe-vat-lieu-tien-tien.pdf,PTN KH&CN Vật liệu tiên tiến,https://hus.vnu.edu.vn/khoa-hoc-cong-nghe/phong-thi-nghiem
https://hus.vnu.edu.vn/DATA/IMAGES/2020/06/23.ptn-cong-nghe-hat-nhan.pdf,PTN Công nghệ hạt nhân,https://hus.vnu.edu.vn/khoa-hoc-cong-nghe/phong-thi-nghiem
https://hus.vnu.edu.vn/DATA/IMAGES/2020/06/24.ptn-bm-hoa-hoc-dau-mo.pdf,PTN BM Hóa học dầu mỏ,https://hus.vnu.edu.vn/khoa-hoc-cong-nghe/phong-thi-nghiem
https://hus.vnu.edu.vn/DATA/IMAGES/2020/06/26.ptn-bm-hoa-phan-tich.pdf,PTN BM Hóa phân tích,https://hus.vnu.edu.vn/khoa-hoc-cong-nghe/phong-thi-nghiem
https://hus.vnu.edu.vn/DATA/IMAGES/2020/06/27.ptn-bm-hoa-ly.pdf,PTN BM Hóa lý,https://hus.vnu.edu.vn/khoa-hoc-cong-nghe/phong-thi-nghiem
https://hus.vnu.edu.vn/DATA/IMAGES/2020/06/29.ptn-hoa-duoc.pdf,PTN Hóa dược,https://hus.vnu.edu.vn/khoa-hoc-cong-nghe/phong-thi-nghiem
https://hus.vnu.edu.vn/DATA/IMAGES/2020/06/3.ptn-co-so-hoa-hoc.pdf,PTN Cơ sở Hoá học,https://hus.vnu.edu.vn/khoa-hoc-cong-nghe/phong-thi-nghiem
https://hus.vnu.edu.vn/DATA/IMAGES/2020/06/30.ptn-bm-hoa-vo-co.pdf,PTN BM Hóa vô cơ,https://hus.vnu.edu.vn/khoa-hoc-cong-nghe/phong-thi-nghiem
https://hus.vnu.edu.vn/DATA/IMAGES/2020/06/31.ptn-hoa-phong-xa.pdf,PTN Hóa phóng xạ,https://hus.vnu.edu.vn/khoa-hoc-cong-nghe/phong-thi-nghiem
https://hus.vnu.edu.vn/DATA/IMAGES/2020/06/32.ptn-bm-huu-co.pdf,PTN BM Hóa hữu cơ,https://hus.vnu.edu.vn/khoa-hoc-cong-nghe/phong-thi-nghiem
https://hus.vnu.edu.vn/DATA/IMAGES/2020/06/33.ptn-cong-nghe-ky-thuat-hoa-hoc.pdf,PTN Công nghệ Kỹ thuật Hoá học,https://hus.vnu.edu.vn/khoa-hoc-cong-nghe/phong-thi-nghiem
https://hus.vnu.edu.vn/DATA/IMAGES/2020/06/36.ptn-bm-di-truyen-hoc.pdf,PTN BM Di truyền học,https://hus.vnu.edu.vn/khoa-hoc-cong-nghe/phong-thi-nghiem
https://hus.vnu.edu.vn/DATA/IMAGES/2020/06/39.ptn-bm-dong-vat-hoc-va-bao-ton.pdf,PTN BM Động vật học và Bảo tồn,https://hus.vnu.edu.vn/khoa-hoc-cong-nghe/phong-thi-nghiem
https://hus.vnu.edu.vn/DATA/IMAGES/2020/06/40.ptn-bm-dong-vat-hoc-ung-dung.pdf,PTN BM Động vật học Ứng dụng,https://hus.vnu.edu.vn/khoa-hoc-cong-nghe/phong-thi-nghiem
https://hus.vnu.edu.vn/DATA/IMAGES/2020/06/41.ptn-bm-khoa-hoc-thuc-vat.pdf,PTN BM Khoa học Thực vật,https://hus.vnu.edu.vn/khoa-hoc-cong-nghe/phong-thi-nghiem
https://hus.vnu.edu.vn/DATA/IMAGES/2020/06/43.ptn-bm-dia-nhan-van-va-quy-hoach.pdf,PTN BM Địa nhân văn và Quy hoạch,https://hus.vnu.edu.vn/khoa-hoc-cong-nghe/phong-thi-nghiem
https://hus.vnu.edu.vn/DATA/IMAGES/2020/06/45.ptn-bm-dia-mao-va-dia-ly---moi-truong-bien.pdf,45.ptn-bm-dia-mao-va-dia-ly---moi-truong-bien.pdf,
https://hus.vnu.edu.vn/DATA/IMAGES/2020/06/47.ptn-bm-ban-do-va-dia-thong-tin.pdf,PTN BM Bản đồ và Địa thông tin,https://hus.vnu.edu.vn/khoa-hoc-cong-nghe/phong-thi-nghiem
https://hus.vnu.edu.vn/DATA/IMAGES/2020/06/48.ptn-bm-cong-nghe-va-thong-tin-dat-dai.pdf,PTN BM Công nghệ và Thông tin Đất đai,https://hus.vnu.edu.vn/khoa-hoc-cong-nghe/phong-thi-nghiem
https://hus.vnu.edu.vn/DATA/IMAGES/2020/06/51.ptn-dia-chat-va-tai-nguyen-dia-chat.pdf,PTN Địa chất và Tài nguyên địa chất,https://hus.vnu.edu.vn/khoa-hoc-cong-nghe/phong-thi-nghiem
https://hus.vnu.edu.vn/DATA/IMAGES/2020/06/52.ptn-dia-chat-bien-va-dia-chat-dau-khi.pdf,PTN Địa chất biển và Địa chất dầu khí,https://hus.vnu.edu.vn/khoa-hoc-cong-nghe/phong-thi-nghiem
https://hus.vnu.edu.vn/DATA/IMAGES/2020/06/53.ptn-bm-dia-ky-thuat-va-phat-trien-ha-tang.pdf,PTN BM Địa kỹ thuật và Phát triển Hạ tầng,https://hus.vnu.edu.vn/khoa-hoc-cong-nghe/phong-thi-nghiem
https://hus.vnu.edu.vn/DATA/IMAGES/2020/06/54.ptn-bm-khi-tuong-va-bien-doi-khi-hau.pdf,PTN BM Khí tượng và Biến đổi khí hậu,https://hus.vnu.edu.vn/khoa-hoc-cong-nghe/phong-thi-nghiem
https://hus.vnu.edu.vn/DATA/IMAGES/2020/06/55.ptn-bm-thuy-van-va-tai-nguyen-nuoc.pdf,PTN BM Thủy văn và Tài nguyên nước,https://hus.vnu.edu.vn/khoa-hoc-cong-nghe/phong-thi-nghiem
https://hus.vnu.edu.vn/DATA/IMAGES/2020/06/56.ptn-bm-khoa-hoc-va-cong-nghe-bien.pdf,PTN BM Khoa học và Công nghệ biển,https://hus.vnu.edu.vn/khoa-hoc-cong-nghe/phong-thi-nghiem
https://hus.vnu.edu.vn/DATA/IMAGES/2020/06/62.ptn-vat-lieu-tu-nhiet-va-nhiet-dien.pdf,PTN Vật liệu từ nhiệt và Nhiệt điện,https://hus.vnu.edu.vn/khoa-hoc-cong-nghe/phong-thi-nghiem
https://hus.vnu.edu.vn/DATA/IMAGES/2020/06/64.ptn-may-gia-toc.pdf,PTN Máy gia tốc,https://hus.vnu.edu.vn/khoa-hoc-cong-nghe/phong-thi-nghiem
https://hus.vnu.edu.vn/DATA/IMAGES/2020/06/67.ptn-phan-tich-cau-truc-va-dinh-luong.pdf,PTN Phân tích Cấu trúc và Định lượng,https://hus.vnu.edu.vn/khoa-hoc-cong-nghe/phong-thi-nghiem
https://hus.vnu.edu.vn/DATA/IMAGES/2020/06/28.tt-ung-dung-tin-hoc-trong-hoa-hoc.pdf,TT Ứng dụng Tin học trong Hóa học,https://hus.vnu.edu.vn/khoa-hoc-cong-nghe/phong-thi-nghiem
https://hus.vnu.edu.vn/DATA/IMAGES/2020/06/61.tt-nano-va-nang-luong.pdf,TT Nano và Năng lượng,https://hus.vnu.edu.vn/khoa-hoc-cong-nghe/phong-thi-nghiem
https://hus.vnu.edu.vn/DATA/IMAGES/2020/06/63.tt-khoa-hoc-vat-lieu.pdf,TT Khoa học Vật liệu,https://hus.vnu.edu.vn/khoa-hoc-cong-nghe/phong-thi-nghiem
https://hus.vnu.edu.vn/DATA/IMAGES/2020/06/68.tt-nghien-cuu-va-chuyen-giao-cong-nghe-hoa-hoc.pdf,TT nghiên cứu và Chuyển giao Công nghệ Hóa học,https://hus.vnu.edu.vn/khoa-hoc-cong-nghe/phong-thi-nghiem
https://hus.vnu.edu.vn/DATA/IMAGES/2020/06/69.tt-nghien-cuu-khoa-hoc-su-song.pdf,TT nghiên cứu Khoa học sự sống,https://hus.vnu.edu.vn/khoa-hoc-cong-nghe/phong-thi-nghiem
https://hus.vnu.edu.vn/DATA/IMAGES/2020/06/9.bao-tang-dia-chat.pdf,Bảo tàng Địa chất,https://hus.vnu.edu.vn/khoa-hoc-cong-nghe/phong-thi-nghiem
https://hus.vnu.edu.vn/DATA/IMAGES/2024/01/804.-khoa-hoc-va-cong-nghe-thuc-pham-final-qd-3532.pdf,804.-khoa-hoc-va-cong-nghe-thuc-pham-final-qd-3532.pdf,
https://hus.vnu.edu.vn/DATA/IMAGES/2024/06/501.-dia-ly-tu-nhien-chuan-final-qd-3542-scan.pdf,📄 Xem nội dung PDF,https://hus.vnu.edu.vn/dao-tao/bac-dai-hoc/dia-ly
https://hus.vnu.edu.vn/DATA/IMAGES/2024/06/502.-dia-ly-tu-nhien-clc-final-qd-3543-scan.pdf,📄 Xem nội dung PDF,https://hus.vnu.edu.vn/dao-tao/bac-dai-hoc/dia-ly
https://hus.vnu.edu.vn/DATA/IMAGES/2024/06/504.-quan-ly-dat-dai-final-qd-3545-scan.pdf,📄 Xem nội dung PDF,https://hus.vnu.edu.vn/dao-tao/bac-dai-hoc/dia-ly
https://hus.vnu.edu.vn/DATA/IMAGES/2024/06/505.-quan-ly-phat-trien-do-thi-va-bat-dong-san-final-qd-3546-scan.pdf,📄 Xem nội dung PDF,https://hus.vnu.edu.vn/dao-tao/bac-dai-hoc/dia-ly
https://hus.vnu.edu.vn/DATA/IMAGES/2024/06/511.-ths-dia-ly-qd-4920.pdf,511.-ths-dia-ly-qd-4920.pdf,
https://hus.vnu.edu.vn/DATA/IMAGES/2024/06/512.-ths-ban-do-vien-tham-va-he-thong-tin-dia-ly-qd-4921.pdf,512.-ths-ban-do-vien-tham-va-he-thong-tin-dia-ly-qd-4921.pdf,
https://hus.vnu.edu.vn/DATA/IMAGES/2024/06/514.-ths-quan-ly-dat-dai-dinh-huong-nghien-cuu-qd-4923.pdf,514.-ths-quan-ly-dat-dai-dinh-huong-nghien-cuu-qd-4923.pdf,
https://hus.vnu.edu.vn/DATA/IMAGES/2024/06/515.-ths-quan-ly-dat-dai-dinh-huong-ung-dung-qd-4924.pdf,515.-ths-quan-ly-dat-dai-dinh-huong-ung-dung-qd-4924.pdf,
https://hus.vnu.edu.vn/DATA/IMAGES/2024/06/601.-dia-chat-chuan-final-qd-3525-scan.pdf,📄 Xem nội dung PDF,https://hus.vnu.edu.vn/dao-tao/bac-dai-hoc/dia-chat
https://hus.vnu.edu.vn/DATA/IMAGES/2024/06/602.-dia-chat-clc-final-qd-3526-scan.pdf,📄 Xem nội dung PDF,https://hus.vnu.edu.vn/dao-tao/bac-dai-hoc/dia-chat
https://hus.vnu.edu.vn/DATA/IMAGES/2024/06/603.-qltnmt-chuan-final-qd-3527-scan.pdf,📄 Xem nội dung PDF,https://hus.vnu.edu.vn/dao-tao/bac-dai-hoc/dia-chat
https://hus.vnu.edu.vn/DATA/IMAGES/2024/06/604.-cn-quan-trac-va-giam-sat-final-qd-3528-scan.pdf,📄 Xem nội dung PDF,https://hus.vnu.edu.vn/dao-tao/bac-dai-hoc/dia-chat
https://hus.vnu.edu.vn/DATA/IMAGES/2024/06/701-khi-tuong-va-khi-hau-hoc-chuan-final-qd-3553-scan.pdf,📄 Xem nội dung PDF,https://hus.vnu.edu.vn/dao-tao/bac-dai-hoc/khi-tuong-thuy-van-hai-duong-hoc
https://hus.vnu.edu.vn/DATA/IMAGES/2024/06/702-khi-tuong-va-khi-hau-hoc-clc-final-qd-3554-scan.pdf,📄 Xem nội dung PDF,https://hus.vnu.edu.vn/dao-tao/bac-dai-hoc/khi-tuong-thuy-van-hai-duong-hoc
https://hus.vnu.edu.vn/DATA/IMAGES/2024/06/703-hai-duong-hoc-chuan-final-qd-3555-scan.pdf,📄 Xem nội dung PDF,https://hus.vnu.edu.vn/dao-tao/bac-dai-hoc/khi-tuong-thuy-van-hai-duong-hoc
https://hus.vnu.edu.vn/DATA/IMAGES/2024/06/704-hai-duong-hoc-clc-final-qd-3556-scan.pdf,📄 Xem nội dung PDF,https://hus.vnu.edu.vn/dao-tao/bac-dai-hoc/khi-tuong-thuy-van-hai-duong-hoc
https://hus.vnu.edu.vn/data/sites/default/files/huongdan/Newsletter-ViWaT2.pdf,Dự án ViWaT;,https://hus.vnu.edu.vn/hop-tac-va-phat-trien/chuong-trinh-hop-tac/cac-du-an-hop-tac
https://hus.vnu.edu.vn/data/sites/default/files/huongdan/ROHAN%20-%20Rostock%20-%20Hanoi%20-%20SDG%20Graduate%20School.pdf,Dự án Rohan - Rostock - Hà Nội;,https://hus.vnu.edu.vn/hop-tac-va-phat-trien/chuong-trinh-hop-tac/cac-du-an-hop-tac
https://hus.vnu.edu.vn/data/sites/default/files/huongdan/SEA-PLASTIC-edu.pdf,"Mạng lưới hợp tác Châu Âu – Đông Nam Á nhằm nâng cao khả năng đào tạo trong lĩnh vựcTái chế nhựa tại Lào và Việt Nam, tập trung vào chất lượng, an toàn và hiệu quả.",https://hus.vnu.edu.vn/hop-tac-va-phat-trien/chuong-trinh-hop-tac/erasmus
https://hus.vnu.edu.vn/data/sites/default/files/huongdan/oepac.pdf,Chương trình Đào tạo tại chỗ về Hóa học phân tích (On-site Education Program on Analytical Chemistry (OEPAC)),https://hus.vnu.edu.vn/hop-tac-va-phat-trien/chuong-trinh-hop-tac/cac-du-an-hop-tac
https://hus.vnu.edu.vn/data/sites/default/files/huongdan/vlir-ares_0.pdf,Dự án VLIRous/ARES,https://hus.vnu.edu.vn/hop-tac-va-phat-trien/chuong-trinh-hop-tac/cac-du-an-hop-tac
https://hus.vnu.edu.vn/khoa-hoc-cong-nghe/data/sites/default/files/huongdan/Danh%20muc%20HNKH%20quoc%20te%202011%20-%202014.pdf#overlay-context=vi/main/nghiencuu/hoinghikhoahoc,"Các hội nghị, hội thảo khoa học quốc tế do Trường Đại học Khoa học Tự nhiên tổ chức năm 2010 - 2014.",https://hus.vnu.edu.vn/khoa-hoc-cong-nghe/hoi-nghi-khoa-hoc
https://hus.vnu.edu.vn/khoa-hoc-cong-nghe/data/sites/default/files/huongdan/Danh%20muc%20HNKH%20trong%20nuoc%202011%20-%202014.pdf#overlay-context=vi/main/nghiencuu/hoinghikhoahoc,"Các hội nghị, hội thảo khoa học trong nước do Trường Đại học Khoa học Tự nhiên tổ chức năm 2010 - 2014.",https://hus.vnu.edu.vn/khoa-hoc-cong-nghe/hoi-nghi-khoa-hoc
https://hus.vnu.edu.vn/DATA/IMAGES/2024/11/3366_chien-luoc-phat-trien-truong-den-nam-2035-tam-nhin-2045.pdf,Phụ lục,https://hus.vnu.edu.vn/gioi-thieu/chien-luoc-phat-trien
https://hus.vnu.edu.vn/DATA/IMAGES/2025/08/03.mau-ly-lich-2025_k70.pdf,03.mau-ly-lich-2025_k70.pdf,
